{"b0": 8499.57781668096, "b1": -0.02144895993697494}