{"b0": 8499.577852590517, "b1": -0.02144896027848811}