{"b0": 8499.57783\4375072, "b1": -0.021448960105252494}