{"b0": 8499.57783524556, "b1": -0.021448960113531167}